<?xml version="1.0" encoding="UTF-8"?>
<module>
	<!-- MOD 4535992 -->
    <!-- -->
    <!-- <inherits name="org.vaadin.artur.icepush.IcepushaddonWidgetset" /> -->  
    <!-- END MOD 4535992 -->
    
  <!-- Inherit the core Web Toolkit stuff.                        -->
  <inherits name='com.google.gwt.user.User' />

  <!-- We need the JUnit module in the main module,               -->
  <!-- otherwise eclipse complains (Google plugin bug?)           -->
  <inherits name='com.google.gwt.junit.JUnit' />

  <!-- Inherit the default GWT style sheet.  You can change       -->
  <!-- the theme of your GWT application by uncommenting          -->
  <!-- any one of the following lines.                            -->
  <inherits name='com.google.gwt.user.theme.standard.Standard' />
  <!-- <inherits name='com.google.gwt.user.theme.chrome.Chrome'/> -->
  <!-- <inherits name='com.google.gwt.user.theme.dark.Dark'/>     -->
  
    <inherits name="com.vaadin.DefaultWidgetSet" />	
    <inherits name="org.vaadin.artur.icepush.IcepushaddonWidgetset" />
    <inherits name="org.icepush.gwt.ICEpush" />
    <!-- adding support for icepush -->
    <!-- <script src="icepush.js"></script> -->

    <inherits name="com.vaadin.terminal.gwt.DefaultWidgetSet" />
</module>
